{"spawnsPerSec":1.0,"healthMultiplier":1.0,"spawnRateIncreaseMultiplier":1.2000000476837159,"healthIncreaseMultiplier":1.100000023841858,"worldSize":1}
