{"seed":8460,"campaignStartRegionData":{"spawnsPerSec":1.0,"healthMultiplier":1.0,"spawnRateIncreaseMultiplier":1.2000000476837159,"healthIncreaseMultiplier":1.100000023841858,"worldSize":1},"inProgressRegionData":{"spawnsPerSec":1.7280001640319825,"healthMultiplier":1.3310000896453858,"spawnRateIncreaseMultiplier":1.2000000476837159,"healthIncreaseMultiplier":1.100000023841858,"worldSize":1},"propHealths":[120.0],"currentWave":12}